city,county,rate
Acampo,San Joaquin,7.75
Acton,Los Angeles,8.25
Adelaida,San Luis Obispo,7.25
Adelanto,San Bernardino,7.75
Adin,Modoc,7.25
Agoura Hills,Los Angeles,8.25
Agua Caliente,Sonoma,7.75
Agua Caliente Springs,San Diego,7.75
Agua Dulce,Los Angeles,8.25
Aguanga,Riverside,7.75
Ahwahnee,Madera,7.75
Al Tahoe,El Dorado,7.25
Alameda,Alameda,8.75
Alamo,Contra Costa,8.25
Albany,Alameda,8.75
Alberhill (Lake Elsinore),Riverside,7.75
Albion,Mendocino,7.25
Alderpoint,Humboldt,7.25
Alhambra,Los Angeles,8.25
Aliso Viejo,Orange,7.75
Alleghany,Sierra,7.25
Almaden Valley,Santa Clara,8.25
Almanor,Plumas,7.25
Almondale,Los Angeles,8.25
Alondra,Los Angeles,8.25
Alpaugh,Tulare,7.75
Alpine,San Diego,7.75
Alta,Placer,7.25
Alta Loma (Rancho Cucamonga),San Bernardino,7.75
Altadena,Los Angeles,8.25
Altaville,Calaveras,7.25
Alton,Humboldt,7.25
Alturas,Modoc,7.25
Alviso (San Jose),Santa Clara,8.25
Amador City,Amador,7.25
Amargosa (Death Valley),Inyo,7.75
Amboy,San Bernardino,7.75
American Canyon,Napa,7.75
Anaheim,Orange,7.75
Anderson,Shasta,7.25
Angels Camp,Calaveras,7.25
Angelus Oaks,San Bernardino,7.75
Angwin,Napa,7.75
Annapolis,Sonoma,7.75
Antelope,Sacramento,7.75
Antelope Acres,Los Angeles,8.25
Antioch,Contra Costa,8.25
Anza,Riverside,7.75
Apple Valley,San Bernardino,7.75
Applegate,Placer,7.25
Aptos,Santa Cruz,8
Arbuckle,Colusa,7.25
Arcadia,Los Angeles,8.25
Arcata,Humboldt,7.25
Argus,San Bernardino,7.75
Arleta (Los Angeles),Los Angeles,8.25
Arlington (Riverside),Riverside,7.75
Armona,Kings,7.25
Army Terminal,Alameda,8.75
Arnold,Calaveras,7.25
Aromas,Monterey,7.25
Arrowbear Lake,San Bernardino,7.75
Arrowhead Highlands,San Bernardino,7.75
Arroyo Grande,San Luis Obispo,7.75
Artesia,Los Angeles,8.25
Artois,Glenn,7.25
Arvin,Kern,7.25
Ashland,Alameda,8.75
Asti,Sonoma,7.75
Atascadero,San Luis Obispo,7.25
Athens,Los Angeles,8.25
Atherton,San Mateo,8.25
Atwater,Merced,7.25
Atwood,Orange,7.75
Auberry,Fresno,7.975
Auburn,Placer,7.25
Avalon,Los Angeles,8.75
Avenal,Kings,7.25
Avery,Calaveras,7.25
Avila Beach,San Luis Obispo,7.25
Azusa,Los Angeles,8.25
Badger,Tulare,7.75
Bailey,Los Angeles,8.25
Baker,San Bernardino,7.75
Bakersfield,Kern,7.25
Balboa (Newport Beach),Orange,7.75
Balboa Island (Newport Beach),Orange,7.75
Balboa Park (San Diego),San Diego,7.75
Baldwin Park,Los Angeles,8.25
Ballard,Santa Barbara,7.75
Ballico,Merced,7.25
Ballroad,Orange,7.75
Bangor,Butte,7.25
Banning,Riverside,7.75
Banta,San Joaquin,7.75
Bard,Imperial,7.75
Barrington,Los Angeles,8.25
Barstow,San Bernardino,7.75
Bartlett,Inyo,7.75
Barton,Fresno,7.975
Base Line,San Bernardino,7.75
Bass Lake,Madera,7.75
Bassett,Los Angeles,8.25
Baxter,Placer,7.25
Bayside,Humboldt,7.25
Baywood Park,San Luis Obispo,7.25
Beale A.F.B.,Yuba,7.25
Bear River Lake,Amador,7.25
Bear Valley,Alpine,7.25
Bear Valley,Mariposa,7.75
Beaumont,Riverside,7.75
Beckwourth,Plumas,7.25
Bel Air Estates,Los Angeles,8.25
Belden,Plumas,7.25
Bell Gardens,Los Angeles,8.25
Bell,Los Angeles,8.25
Bella Vista,Shasta,7.25
Bellflower,Los Angeles,8.25
Belmont,San Mateo,8.25
Belvedere,Marin,7.75
Ben Lomond,Santa Cruz,8
Benicia,Solano,7.375
Benton,Mono,7.25
Berkeley,Alameda,8.75
Bermuda Dunes,Riverside,7.75
Berry Creek,Butte,7.25
Bethel Island,Contra Costa,8.25
Betteravia,Santa Barbara,7.75
Beverly Hills,Los Angeles,8.25
Bieber,Lassen,7.25
Big Bar,Trinity,7.25
Big Basin,Santa Cruz,8
Big Bear City,San Bernardino,7.75
Big Bear Lake,San Bernardino,7.75
Big Bend,Shasta,7.25
Big Creek,Fresno,7.975
Big Oak Flat,Tuolumne,7.25
Big Pine,Inyo,7.75
Big River,San Bernardino,7.75
Big Sur,Monterey,7.25
Biggs,Butte,7.25
Bijou,El Dorado,7.25
Biola,Fresno,7.975
Biola College (La Mirada),Los Angeles,8.25
Birds Landing,Solano,7.375
Bishop,Inyo,7.75
Black Hawk,Contra Costa,8.25
Blairsden,Plumas,7.25
Blocksburg,Humboldt,7.25
Bloomington,San Bernardino,7.75
Blossom Hill,Santa Clara,8.25
Blossom Valley,Santa Clara,8.25
Blue Jay,San Bernardino,7.75
Blue Lake,Humboldt,7.25
Blythe,Riverside,7.75
Bodega,Sonoma,7.75
Bodega Bay,Sonoma,7.75
Bodfish,Kern,7.25
Bolinas,Marin,7.75
Bolsa,Orange,7.75
Bombay Beach,Imperial,7.75
Bonita,San Diego,7.75
Bonny Doon,Santa Cruz,8
Bonsall,San Diego,7.75
Boonville,Mendocino,7.25
Boron,Kern,7.25
Borrego Springs,San Diego,7.75
Bostonia,San Diego,7.75
Boulder Creek,Santa Cruz,8
Boulevard,San Diego,7.75
Bouquet Canyon (Santa Clarita),Los Angeles,8.25
Bowman,Placer,7.25
Boyes Hot Springs,Sonoma,7.75
Bradbury,Los Angeles,8.25
Bradford,Alameda,8.75
Bradley,Monterey,7.25
Branscomb,Mendocino,7.25
Brawley,Imperial,7.75
Brea,Orange,7.75
Brents Junction,Los Angeles,8.25
Brentwood (Los Angeles),Los Angeles,8.25
Brentwood,Contra Costa,8.25
Briceland,Humboldt,7.25
Bridgeport,Mariposa,7.75
Bridgeport,Mono,7.25
Bridgeville,Humboldt,7.25
Brisbane,San Mateo,8.25
Broderick (West Sacramento),Yolo,7.75
Brookdale,Santa Cruz,8
Brookhurst Center,Orange,7.75
Brooks,Yolo,7.25
Browns Valley,Yuba,7.25
Brownsville,Yuba,7.25
Bryn Mawr,San Bernardino,7.75
Bryte (West Sacramento),Yolo,7.75
Buellton,Santa Barbara,7.75
Buena Park,Orange,7.75
Burbank,Los Angeles,8.25
Burlingame,San Mateo,8.25
Burney,Shasta,7.25
Burnt Ranch,Trinity,7.25
Burrel,Fresno,7.975
Burson,Calaveras,7.25
Butte City,Glenn,7.25
Butte Meadows,Butte,7.25
Buttonwillow,Kern,7.25
Byron,Contra Costa,8.25
Cabazon,Riverside,7.75
Cabrillo,Los Angeles,8.25
Cadiz,San Bernardino,7.75
Calabasas Highlands,Los Angeles,8.25
Calabasas Park,Los Angeles,8.25
Calabasas,Los Angeles,8.25
Calexico,Imperial,7.75
Caliente,Kern,7.25
California City,Kern,7.25
California Hot Springs,Tulare,7.75
California Valley,San Luis Obispo,7.25
Calimesa,Riverside,7.75
Calipatria,Imperial,7.75
Calistoga,Napa,7.75
Callahan,Siskiyou,7.25
Calpella,Mendocino,7.25
Calpine,Sierra,7.25
Calwa,Fresno,7.975
Camarillo,Ventura,7.25
Cambria,San Luis Obispo,7.25
Cambrian Park,Santa Clara,8.25
Cameron Park,El Dorado,7.25
Camino,El Dorado,7.25
Camp Beale,Yuba,7.25
Camp Connell,Calaveras,7.25
Camp Curry,Mariposa,7.75
Camp Kaweah,Tulare,7.75
Camp Meeker,Sonoma,7.75
Camp Nelson,Tulare,7.75
Camp Pendleton,San Diego,7.75
Camp Roberts,Monterey,7.25
Campbell,Santa Clara,8.25
Campo,San Diego,7.75
Campo Seco,Calaveras,7.25
Camptonville,Yuba,7.25
Canby,Modoc,7.25
Canoga Annex,Los Angeles,8.25
Canoga Park (Los Angeles),Los Angeles,8.25
Cantil,Kern,7.25
Cantua Creek,Fresno,7.975
Canyon,Contra Costa,8.25
Canyon Country (Santa Clarita),Los Angeles,8.25
Canyon Lake,Riverside,7.75
Canyondam,Plumas,7.25
Capay,Yolo,7.25
Capistrano Beach (Dana Point),Orange,7.75
Capitola,Santa Cruz,8.25
Cardiff By The Sea (Encinitas),San Diego,7.75
Cardwell,Fresno,7.975
Carlotta,Humboldt,7.25
Carlsbad,San Diego,7.75
Carmel Rancho,Monterey,7.25
Carmel Valley,Monterey,7.25
Carmel,Monterey,7.25
Carmichael,Sacramento,7.75
Carnelian Bay,Placer,7.25
Carpinteria,Santa Barbara,7.75
Carson,Los Angeles,8.25
Cartago,Inyo,7.75
Caruthers,Fresno,7.975
Casitas Springs,Ventura,7.25
Casmalia,Santa Barbara,7.75
Caspar,Mendocino,7.25
Cassel,Shasta,7.25
Castaic,Los Angeles,8.25
Castella,Shasta,7.25
Castle A.F.B.,Merced,7.25
Castro Valley,Alameda,8.75
Castroville,Monterey,7.25
Cathedral City,Riverside,7.75
Catheys Valley,Mariposa,7.75
Cayucos,San Luis Obispo,7.25
Cazadero,Sonoma,7.75
Cecilville,Siskiyou,7.25
Cedar,Los Angeles,8.25
Cedar Crest,Fresno,7.975
Cedar Glen,San Bernardino,7.75
Cedar Ridge,Nevada,7.375
Cedarpines Park,San Bernardino,7.75
Cedarville,Modoc,7.25
Central Valley,Shasta,7.25
Century City,Los Angeles,8.25
Ceres,Stanislaus,7.375
Cerritos,Los Angeles,8.25
Challenge,Yuba,7.25
Chambers Lodge,Placer,7.25
Charter Oak,Los Angeles,8.25
Chatsworth (Los Angeles),Los Angeles,8.25
Cherry Valley,Riverside,7.75
Chester,Plumas,7.25
Chicago Park,Nevada,7.375
Chico,Butte,7.25
Chilcoot,Plumas,7.25
China Lake NWC (Ridgecrest),Kern,7.25
Chinese Camp,Tuolumne,7.25
Chino Hills,San Bernardino,7.75
Chino,San Bernardino,7.75
Chiriaco Summit,Riverside,7.75
Cholame,San Luis Obispo,7.25
Chowchilla,Madera,7.75
Chualar,Monterey,7.25
Chula Vista,San Diego,7.75
Cima,San Bernardino,7.75
Citrus Heights,Sacramento,7.75
City of Commerce,Los Angeles,8.25
City of Industry,Los Angeles,8.25
City Terrace,Los Angeles,8.25
Claremont,Los Angeles,8.25
Clarksburg,Yolo,7.25
Clayton,Contra Costa,8.25
Clear Creek,Siskiyou,7.25
Clearlake Highlands,Lake,7.25
Clearlake Oaks,Lake,7.25
Clearlake Park (Clearlake),Lake,7.75
Clearlake,Lake,7.75
Clements,San Joaquin,7.75
Clinter,Fresno,7.975
Clio,Plumas,7.25
Clipper Mills,Butte,7.25
Cloverdale,Sonoma,7.75
Clovis,Fresno,8.275
Coachella,Riverside,7.75
Coalinga,Fresno,7.975
Coarsegold,Madera,7.75
Cobb,Lake,7.25
Cohasset,Butte,7.25
Cole,Los Angeles,8.25
Coleville,Mono,7.25
Colfax,Placer,7.25
College City,Colusa,7.25
College Grove Center,San Diego,7.75
Colma,San Mateo,8.25
Coloma,El Dorado,7.25
Colorado,Mariposa,7.75
Colton,San Bernardino,7.75
Columbia,Tuolumne,7.25
Colusa,Colusa,7.25
Commerce,Los Angeles,8.25
Comptche,Mendocino,7.25
Compton,Los Angeles,8.25
Concord,Contra Costa,8.25
Cool,El Dorado,7.25
Copperopolis,Calaveras,7.25
Corcoran,Kings,7.25
Cornell,Los Angeles,8.25
Corning,Tehama,7.25
Corona Del Mar (Newport Beach),Orange,7.75
Corona,Riverside,7.75
Coronado,San Diego,7.75
Corralitos (Watsonville),Santa Cruz,8.25
Corte Madera,Marin,7.75
Coso Junction,Inyo,7.75
Costa Mesa,Orange,7.75
Cotati,Sonoma,7.75
Cottonwood,Shasta,7.25
Coulterville,Mariposa,7.75
Courtland,Sacramento,7.75
Covelo,Mendocino,7.25
Covina,Los Angeles,8.25
Cowan Heights,Orange,7.75
Coyote,Santa Clara,8.25
Crannell,Humboldt,7.25
Crenshaw,Los Angeles,8.25
Crescent City,Del Norte,7.25
Crescent Mills,Plumas,7.25
Cressey,Merced,7.25
Crest Park,San Bernardino,7.75
Cresta Blanca,Alameda,8.75
Crestline,San Bernardino,7.75
Creston,San Luis Obispo,7.25
Crockett,Contra Costa,8.25
Cromberg,Plumas,7.25
Cross Roads,San Bernardino,7.75
Crowley Lake (Mammoth Lake),Mono,7.25
Crows Landing,Stanislaus,7.375
Cucamonga (Rancho Cucamonga),San Bernardino,7.75
Cudahy,Los Angeles,8.25
Culver City,Los Angeles,8.25
Cummings,Mendocino,7.25
Cupertino,Santa Clara,8.25
Curry Village,Mariposa,7.75
Cutler,Tulare,7.75
Cutten,Humboldt,7.25
Cuyama,Santa Barbara,7.75
Cypress,Orange ,7.75
Daggett,San Bernardino,7.75
Dairy Farm,Solano,7.375
Daly City,San Mateo,8.25
Dana Point,Orange,7.75
Danville,Contra Costa,8.25
Dardanelle,Tuolumne,7.25
Darwin,Inyo,7.75
Davenport,Santa Cruz,8
Davis Creek,Modoc,7.25
Davis,Yolo,7.75
Death Valley,Inyo,7.75
Death Valley Junction,Inyo,7.75
Deer Park,Napa,7.75
Del Kern (Bakersfield),Kern,7.25
Del Mar Heights (Morro Bay),San Luis Obispo,7.75
Del Mar,San Diego,7.75
Del Monte Park (Monterey),Monterey,7.25
Del Rey,Fresno,7.975
Del Rey Oaks,Monterey,8.25
Del Rosa,San Bernardino,7.75
Del Sur,Los Angeles,8.25
Delano,Kern,7.25
Deleven,Colusa,7.25
Delhi,Merced,7.25
Denair,Stanislaus,7.375
Denny,Trinity,7.25
Descanso,San Diego,7.75
Desert Center,Riverside,7.75
Desert Hot Springs,Riverside,7.75
Di Giorgio,Kern,7.25
Diablo,Contra Costa,8.25
Diamond Bar,Los Angeles,8.25
Diamond Springs,El Dorado,7.25
Dillon Beach,Marin,7.75
Dinkey Creek,Fresno,7.975
Dinuba,Tulare,8.5
Dixon,Solano,7.375
Dobbins,Yuba,7.25
Dollar Ranch,Contra Costa,8.25
Dorris,Siskiyou,7.25
Dos Palos,Merced,7.25
Dos Rios,Mendocino,7.25
Douglas City,Trinity,7.25
Douglas Flat,Calaveras,7.25
Downey,Los Angeles,8.25
Downieville,Sierra,7.25
Doyle,Lassen,7.25
Drytown,Amador,7.25
Duarte,Los Angeles,8.25
Dublin,Alameda,8.75
Ducor,Tulare,7.75
Dulzura,San Diego,7.75
Duncans Mills,Sonoma,7.75
Dunlap,Fresno,7.975
Dunnigan,Yolo,7.25
Dunsmuir,Siskiyou,7.25
Durham,Butte,7.25
Dutch Flat,Placer,7.25
Eagle Mountain,Riverside,7.75
Eagle Rock (Los Angeles),Los Angeles,8.25
Eagleville,Modoc,7.25
Earlimart,Tulare,7.75
Earp,San Bernardino,7.75
East Highlands (Highland),San Bernardino,7.75
East Irvine (Irvine),Orange,7.75
East Los Angeles,Los Angeles,8.25
East Lynwood (Lynwood),Los Angeles,8.25
East Nicolaus,Sutter,7.25
East Palo Alto,San Mateo,8.25
East Porterville (Porterville),Tulare,8.25
East San Pedro (Los Angeles),Los Angeles,8.25
Eastgate,Los Angeles,8.25
Easton,Fresno,7.975
Eastside,San Bernardino,7.75
Echo Lake,El Dorado,7.25
Echo Park (Los Angeles),Los Angeles,8.25
Edgemont (Moreno Valley),Riverside,7.75
Edgewood,Siskiyou,7.25
Edison,Kern,7.25
Edwards,Kern,7.25
Edwards A.F.B.,Kern,7.25
El Cajon,San Diego,8.25
El Centro,Imperial,7.75
El Cerrito,Contra Costa,8.25
El Dorado,El Dorado,7.25
El Dorado Hills,El Dorado,7.25
El Granada,San Mateo,8.25
El Macero,Yolo,7.25
El Modena,Orange,7.75
El Monte,Los Angeles,8.25
El Nido,Merced,7.25
El Portal,Mariposa,7.75
El Segundo,Los Angeles,8.25
El Sobrante,Contra Costa,8.25
El Toro (Lake Forest),Orange,7.75
El Toro M.C.A.S.,Orange,7.75
El Verano,Sonoma,7.75
El Viejo,Stanislaus,7.375
Eldridge,Sonoma,7.75
Elizabeth Lake,Los Angeles,8.25
Elk,Mendocino,7.25
Elk Creek,Glenn,7.25
Elk Grove,Sacramento,7.75
Elmira,Solano,7.375
Elmwood,Alameda,8.75
Elverta,Sacramento,7.75
Emeryville,Alameda,8.75
Emigrant Gap,Placer,7.25
Empire,Stanislaus,7.375
Encinitas,San Diego,7.75
Encino (Los Angeles),Los Angeles,8.25
Enterprise,Shasta,7.25
Escalon,San Joaquin,7.75
Escondido,San Diego,7.75
Esparto,Yolo,7.25
Essex,San Bernardino,7.75
Etiwanda (Rancho Cucamonga),San Bernardino,7.75
Etna,Siskiyou,7.25
Ettersburg,Humboldt,7.25
Eureka,Humboldt,7.25
Exeter,Tulare,7.75
Fair Oaks ,Sacramento,7.75
Fairfax,Marin,7.75
Fairfield,Solano,7.375
Fairmount,Contra Costa,8.25
Fall River Mills,Shasta,7.25
Fallbrook ,San Diego,7.75
Fallbrook Junction,San Diego,7.75
Fallen Leaf,El Dorado,7.25
Fallon,Marin,7.75
Fancher,Fresno,7.975
Farmersville,Tulare,8.25
Farmington,San Joaquin,7.75
Fawnskin,San Bernardino,7.75
Feather Falls,Butte,7.25
Fellows,Kern,7.25
Felton,Santa Cruz,8
Fenner,San Bernardino,7.75
Fernbridge (Fortuna),Humboldt,7.25
Ferndale,Humboldt,7.25
Fiddletown,Amador,7.25
Fields Landing,Humboldt,7.25
Fig Garden Village (Fresno),Fresno,7.975
Fillmore,Ventura,7.25
Finley,Lake,7.25
Firebaugh,Fresno,7.975
Fish Camp,Mariposa,7.75
Five Points,Fresno,7.975
Flinn Springs,San Diego,7.75
Flintridge (LaCanada/ Flintridge),Los Angeles,8.25
Florence,Los Angeles,8.25
Floriston,Nevada,7.375
Flournoy,Tehama,7.25
Folsom,Sacramento,7.75
Fontana,San Bernardino,7.75
Foothill Ranch,Orange,7.75
Forbestown,Butte,7.25
Forest Falls,San Bernardino,7.75
Forest Glen,Trinity,7.25
Forest Knolls,Marin,7.75
Forest Park,Los Angeles,8.25
Forest Ranch,Butte,7.25
Foresthill,Placer,7.25
Forestville,Sonoma,7.75
Forks of Salmon,Siskiyou,7.25
Fort Bidwell,Modoc,7.25
Fort Bragg,Mendocino,7.75
Fort Dick,Del Norte,7.25
Fort Irwin,San Bernardino,7.75
Fort Jones,Siskiyou,7.25
Fort Ord (Seaside),Monterey,7.25
Fort Seward,Humboldt,7.25
Fortuna,Humboldt,7.25
Foster City,San Mateo,8.25
Fountain Valley,Orange,7.75
Fowler,Fresno,7.975
Frazier Park,Kern,7.25
Freedom,Santa Cruz,8
Freeport,Sacramento,7.75
Freestone,Sonoma,7.75
Fremont,Alameda,8.75
French Camp,San Joaquin,7.75
French Gulch,Shasta,7.25
Freshwater,Humboldt,7.25
Fresno,Fresno,7.975
Friant,Fresno,7.975
Friendly Valley (Santa Clarita),Los Angeles,8.25
Frontera,Riverside,7.75
Fullerton,Orange,7.75
Fulton,Sonoma,7.75
Galt,Sacramento,7.75
Garberville,Humboldt,7.25
Garden Grove,Orange,7.75
Garden Valley,El Dorado,7.25
Gardena,Los Angeles,8.25
Garey,Santa Barbara,7.75
Garnet,Riverside,7.75
Gasquet,Del Norte,7.25
Gaviota,Santa Barbara,7.75
Gazelle,Siskiyou,7.25
George A.F.B.,San Bernardino,7.75
Georgetown,El Dorado,7.25
Gerber,Tehama,7.25
Geyserville,Sonoma,7.75
Giant Forest,Tulare,7.75
Gillman Hot Springs,Riverside,7.75
Gilroy,Santa Clara,8.25
Glassell Park (Los Angeles),Los Angeles,8.25
Glen Avon,Riverside,7.75
Glen Ellen,Sonoma,7.75
Glenburn,Shasta,7.25
Glencoe,Calaveras,7.25
Glendale,Los Angeles,8.25
Glendora,Los Angeles,8.25
Glenhaven,Lake,7.25
Glenn,Glenn,7.25
Glennville,Kern,7.25
Gold River (Rancho Cordova),Sacramento,7.75
Gold Run,Placer,7.25
Golden Hills,Kern,7.25
Goleta,Santa Barbara,7.75
Gonzales,Monterey,7.25
Goodyears Bar,Sierra,7.25
Gorman,Los Angeles,8.25
Goshen,Tulare,7.75
Government Island,Alameda,8.75
Graeagle,Plumas,7.25
Granada Hills (Los Angeles),Los Angeles,8.25
Grand Terrace,San Bernardino,7.75
Granite Bay,Placer,7.25
Grass Valley,Nevada,7.375
Graton,Sonoma,7.75
Green Valley,Los Angeles,8.25
Green Valley Lake,San Bernardino,7.75
Greenacres,Kern,7.25
Greenbrae (Larkspur),Marin,7.75
Greenfield,Monterey,7.25
Greenview,Siskiyou,7.25
Greenville,Plumas,7.25
Greenwood,El Dorado,7.25
Grenada,Siskiyou,7.25
Gridley,Butte,7.25
Grimes,Colusa,7.25
Grizzly Flats,El Dorado,7.25
Groveland,Tuolumne,7.25
Grover Beach,San Luis Obispo,7.75
Guadalupe,Santa Barbara,7.75
Gualala,Mendocino,7.25
Guasti (Ontario),San Bernardino,7.75
Guatay,San Diego,7.75
Guerneville,Sonoma,7.75
Guinda,Yolo,7.25
Gustine,Merced,7.25
Hacienda Heights,Los Angeles,8.25
Halcyon,San Luis Obispo,7.25
Half Moon Bay,San Mateo,8.25
Hamilton A.F.B. (Novato),Marin,7.75
Hamilton City,Glenn,7.25
Hanford,Kings,7.25
Happy Camp,Siskiyou,7.25
Harbor City (Los Angeles),Los Angeles,8.25
Harmony,San Luis Obispo,7.25
Harris,Humboldt,7.25
Hat Creek,Shasta,7.25
Hathaway Pines,Calaveras,7.25
Havasu Lake,San Bernardino,7.75
Hawaiian Gardens,Los Angeles,8.25
Hawthorne,Los Angeles,8.25
Hayfork,Trinity,7.25
Hayward,Alameda,8.75
Hazard,Los Angeles,8.25
Healdsburg,Sonoma,7.75
Heber,Imperial,7.75
Helena,Trinity,7.25
Helendale,San Bernardino,7.75
Helm,Fresno,7.975
Hemet,Riverside,7.75
Herald,Sacramento,7.75
Hercules,Contra Costa,8.25
Herlong,Lassen,7.25
Hermosa Beach,Los Angeles,8.25
Herndon,Fresno,7.975
Hesperia,San Bernardino,7.75
Heyer,Alameda,8.75
Hickman,Stanislaus,7.375
Hidden Hills,Los Angeles,8.25
Highgrove,Riverside,7.75
Highland Park (Los Angeles),Los Angeles,8.25
Highland,San Bernardino,7.75
Highway City (Fresno),Fresno,7.975
Hillcrest (San Diego),San Diego,7.75
Hillsborough,San Mateo,8.25
Hillsdale (San Mateo),San Mateo,8.25
Hilmar,Merced,7.25
Hilt,Siskiyou,7.25
Hinkley,San Bernardino,7.75
Hobergs,Lake,7.25
Hollister,San Benito,7.25
Hollywood (Los Angeles),Los Angeles,8.25
Holmes,Humboldt,7.25
Holt,San Joaquin,7.75
Holtville,Imperial,7.75
Holy City,Santa Clara,8.25
Homeland,Riverside,7.75
Homestead,Kern,7.25
Homestead,Riverside,7.75
Homewood,Placer,7.25
Honby,Los Angeles,8.25
Honeydew,Humboldt,7.25
Hood,Sacramento,7.75
Hoopa,Humboldt,7.25
Hope Valley (Forest Camp),Alpine,7.25
Hopland,Mendocino,7.25
Hornbrook,Siskiyou,7.25
Hornitos,Mariposa,7.75
Horse Creek,Siskiyou,7.25
Horse Lake,Lassen,7.25
Hughson,Stanislaus,7.375
Hume,Fresno,7.975
Huntington,Orange,7.75
Huntington Beach,Orange,7.75
Huntington Lake,Fresno,7.975
Huntington Park,Los Angeles,8.25
Huron,Fresno,7.975
Hyampom,Trinity,7.25
Hyde Park (Los Angeles),Los Angeles,8.25
Hydesville,Humboldt,7.25
Idria,San Benito,7.25
Idyllwild,Riverside,7.75
Ignacio (Novato),Marin,7.75
Igo,Shasta,7.25
Imola (Napa),Napa,7.75
Imperial Beach,San Diego,7.75
Imperial,Imperial,7.75
Independence,Inyo,7.75
Indian Wells,Riverside,7.75
Indio,Riverside,7.75
Industry,Los Angeles,8.25
Inglewood,Los Angeles,8.75
Inverness,Marin,7.75
Inyo,Inyo,7.75
Inyokern,Kern,7.25
Ione,Amador,7.25
Iowa Hill,Placer,7.25
Irvine,Orange,7.75
Irwindale,Los Angeles,8.25
Isla Vista,Santa Barbara,7.75
Island Mountain,Trinity,7.25
Isleton,Sacramento,7.75
Ivanhoe,Tulare,7.75
Ivanpah,San Bernardino,7.75
Jackson,Amador,7.25
Jacumba,San Diego,7.75
Jamacha,San Diego,7.75
Jamestown,Tuolumne,7.25
Jamul,San Diego,7.75
Janesville,Lassen,7.25
Jenner,Sonoma,7.75
Johannesburg,Kern,7.25
Johnsondale,Tulare,7.75
Johnstonville,Lassen,7.25
Johnstown,San Diego,7.75
Jolon,Monterey,7.25
Joshua Tree,San Bernardino,7.75
Julian,San Diego,7.75
Junction City,Trinity,7.25
June Lake,Mono,7.25
Juniper,Lassen,7.25
Kagel Canyon,Los Angeles,8.25
Kaweah,Tulare,7.75
Keddie,Plumas,7.25
Keeler,Inyo,7.75
Keene,Kern,7.25
Kelsey,El Dorado,7.25
Kelseyville,Lake,7.25
Kelso,San Bernardino,7.75
Kensington,Contra Costa,8.25
Kentfield,Marin,7.75
Kenwood,Sonoma,7.75
Kerman,Fresno,7.975
Kernville,Kern,7.25
Keswick,Shasta,7.25
Kettleman City,Kings,7.25
Keyes,Stanislaus,7.375
King City,Monterey,7.25
Kings Beach,Placer,7.25
Kings Canyon National Park,Tulare,7.75
Kingsburg,Fresno,7.975
Kinyon,Siskiyou,7.25
Kirkwood,Alpine,7.25
Kit Carson,Amador,7.25
Klamath,Del Norte,7.25
Klamath River,Siskiyou,7.25
Kneeland,Humboldt,7.25
Knights Ferry,Stanislaus,7.375
Knights Landing,Yolo,7.25
Knightsen,Contra Costa,8.25
Korbel,Humboldt,7.25
Korbel,Sonoma,7.75
Kyburz,El Dorado,7.25
L.A. Airport (Los Angeles),Los Angeles,8.25
La Canada- Flintridge,Los Angeles,8.25
La Crescenta,Los Angeles,8.25
La Cresta Village,Kern,7.25
La Grange,Stanislaus,7.375
La Habra Heights,Los Angeles,8.25
La Habra,Orange,7.75
La Honda,San Mateo,8.25
La Jolla (San Diego),San Diego,7.75
La Mesa,San Diego,7.75
La Mirada,Los Angeles,8.25
La Palma,Orange,7.75
La Porte,Plumas,7.25
La Puente,Los Angeles,8.25
La Quinta,Riverside,7.75
La Selva Beach,Santa Cruz,8
La Verne,Los Angeles,8.25
La Vina,Los Angeles,8.25
Ladera,San Mateo,8.25
Ladera Heights,Los Angeles,8.25
Ladera Ranch,Orange,7.75
Lafayette,Contra Costa,8.25
Laguna Beach,Orange,8.25
Laguna Hills,Orange,7.75
Laguna Niguel,Orange,7.75
Lagunitas,Marin,7.75
Lake Alpine,Alpine,7.25
Lake Arrowhead,San Bernardino,7.75
Lake City,Modoc,7.25
Lake City,Nevada,7.375
Lake Elsinore,Riverside,7.75
Lake Forest (El Toro),Orange,7.75
Lake Hughes,Los Angeles,8.25
Lake Isabella,Kern,7.25
Lake Los Angeles,Los Angeles,8.25
Lake Mary,Mono,7.25
Lake San Marcos,San Diego,7.75
Lake Shastina,Siskiyou,7.25
Lake Sherwood,Ventura,7.25
Lakehead,Shasta,7.25
Lakeport,Lake,7.75
Lakeshore,Fresno,7.975
Lakeside,San Diego,7.75
Lakeview,Riverside,7.75
Lakeview Terrace (Los Angeles),Los Angeles,8.25
Lakewood,Los Angeles,8.25
Lamont,Kern,7.25
Lancaster,Los Angeles,8.25
Landers,San Bernardino,7.75
Landscape,Alameda,8.75
Lang,Los Angeles,8.25
Larkfield,Sonoma,7.75
Larkspur,Marin,7.75
Larwin Plaza,Solano,7.375
Lathrop,San Joaquin,7.75
Laton,Fresno,7.975
Lawndale,Los Angeles,8.25
Laws,Inyo,7.75
Laytonville,Mendocino,7.25
Le Grand (Also Legrand),Merced,7.25
Lebec,Kern,7.25
Lee Vining,Mono,7.25
Leggett,Mendocino,7.25
Leisure World,Orange,7.75
Leisure World (Seal Beach),Orange,7.75
Lemon Grove,San Diego,7.75
Lemoncove,Tulare,7.75
Lemoore,Kings,7.25
Lennox,Los Angeles,8.25
Lenwood,San Bernardino,7.75
Leona Valley,Los Angeles,8.25
Leucadia (Encinitas),San Diego,7.75
Lewiston,Trinity,7.25
Liberty Farms,Solano,7.375
Likely,Modoc,7.25
Lincoln Acres,San Diego,7.75
Lincoln Village,San Joaquin,7.75
Lincoln,Placer,7.25
Linda,Yuba,7.25
Linden,San Joaquin,7.75
Lindsay,Tulare,7.75
Linnell,Tulare,7.75
Litchfield,Lassen,7.25
Little Lake,Inyo,7.75
Little Norway,El Dorado,7.25
Little Valley,Lassen,7.25
Littleriver,Mendocino,7.25
Littlerock (Also Little Rock),Los Angeles,8.25
Live Oak,Sutter,7.25
Livermore,Alameda,8.75
Livingston,Merced,7.25
Llano,Los Angeles,8.25
Loch Lomond,Lake,7.25
Locke,Sacramento,7.75
Lockeford,San Joaquin,7.75
Lockheed,Santa Cruz,8
Lockwood,Monterey,7.25
Lodi,San Joaquin,7.75
Loleta,Humboldt,7.25
Loma Linda,San Bernardino,7.75
Loma Mar,San Mateo,8.25
Loma Rica,Yuba,7.25
Lomita,Los Angeles,8.25
Lompoc,Santa Barbara,7.75
London,Tulare,7.75
Lone Pine,Inyo,7.75
Long Barn,Tuolumne,7.25
Long Beach,Los Angeles,8.25
Longview,Los Angeles,8.25
Lookout,Modoc,7.25
Loomis,Placer,7.25
Lorre Estates,Santa Clara,8.25
Los Alamitos,Orange,7.75
Los Alamos,Santa Barbara,7.75
Los Altos Hills,Santa Clara,8.25
Los Altos,Santa Clara,8.25
Los Angeles,Los Angeles,8.25
Los Banos,Merced,7.75
Los Gatos,Santa Clara,8.25
Los Molinos,Tehama,7.25
Los Nietos,Los Angeles,8.25
Los Olivos,Santa Barbara,7.75
Los Osos,San Luis Obispo,7.25
Los Padres,San Luis Obispo,7.25
Los Serranos (Chino Hills),San Bernardino,7.75
Lost Hills,Kern,7.25
Lost Lake,Riverside,7.75
Lotus,El Dorado,7.25
Lower Lake,Lake,7.25
Loyalton,Sierra,7.25
Lucerne,Lake,7.25
Lucerne Valley,San Bernardino,7.75
Lucia,Monterey,7.25
Ludlow,San Bernardino,7.75
Lugo,Los Angeles,8.25
Luther Burbank (Santa Rosa),Sonoma,8
Lynwood,Los Angeles,8.25
Lytle Creek,San Bernardino,7.75
Macdoel,Siskiyou,7.25
Maclay,Los Angeles,8.25
Mad River,Trinity,7.25
Madeline,Lassen,7.25
Madera,Madera,7.75
Madison,Yolo,7.25
Magalia,Butte,7.25
Malaga,Fresno,7.975
Malibu,Los Angeles,8.25
Mammoth Lakes,Mono,7.25
Manhattan Beach,Los Angeles,8.25
Manteca,San Joaquin,8.25
Manton,Tehama,7.25
Manzanita Lake,Shasta,7.25
Mar Vista,Los Angeles,8.25
Marcelina,Los Angeles,8.25
March A.F.B.,Riverside,7.75
Mare Island (Vallejo),Solano,7.375
Maricopa,Kern,7.25
Marin City,Marin,7.75
Marina Del Rey,Los Angeles,8.25
Marina,Monterey,7.25
Marine Corps (Twentynine Palms),San Bernardino,7.75
Mariner,Orange,7.75
Mariposa,Mariposa,7.75
Markleeville,Alpine,7.25
Marsh Manor,San Mateo,8.25
Marshall,Marin,7.75
Martell,Amador,7.25
Martinez,Contra Costa,8.25
Marysville,Yuba,7.25
Mather,Tuolumne,7.25
Mather A.F.B.,Sacramento,7.75
Maxwell,Colusa,7.25
Maywood,Los Angeles,8.25
McArthur,Shasta,7.25
McClellan A.F.B.,Sacramento,7.75
McCloud,Siskiyou,7.25
McFarland,Kern,7.25
McKinleyville,Humboldt,7.25
McKittrick,Kern,7.25
Mead Valley,Riverside,7.75
Meadow Valley,Plumas,7.25
Meadow Vista,Placer,7.25
Meadowbrook,Riverside,7.75
Mecca,Riverside,7.75
Meeks Bay,El Dorado,7.25
Meiners Oaks,Ventura,7.25
Mendocino,Mendocino,7.25
Mendota,Fresno,7.975
Menifee,Riverside,7.75
Menlo Park,San Mateo,8.25
Mentone,San Bernardino,7.75
Merced,Merced,7.75
Meridian,Sutter,7.25
Mettler,Kern,7.25
Meyers,El Dorado,7.25
Middletown,Lake,7.25
Midland,Riverside,7.75
Midpines,Mariposa,7.75
Midway City,Orange,7.75
Milford,Lassen,7.25
Mill Creek,Tehama,7.25
Mill Valley,Marin,7.75
Millbrae,San Mateo,8.25
Millville,Shasta,7.25
Milpitas,Santa Clara,8.25
Mineral,Tehama,7.25
Mineral King,Tulare,7.75
Mint Canyon,Los Angeles,8.25
Mira Loma,Riverside,7.75
Mira Vista,Contra Costa,8.25
Miracle Hot Springs,Kern,7.25
Miramar (San Diego),San Diego,7.75
Miramonte,Fresno,7.975
Miranda,Humboldt,7.25
Mission Hills (Los Angeles),Los Angeles,8.25
Mission Viejo,Orange,7.75
Mi-Wuk Village,Tuolumne,7.25
Moccasin,Tuolumne,7.25
Modesto,Stanislaus,7.375
Moffett Field,Santa Clara,8.25
Mojave,Kern,7.25
Mokelumne Hill,Calaveras,7.25
Moneta,Los Angeles,8.25
Mono Hot Springs,Fresno,7.975
Mono Lake,Mono,7.25
Monolith,Kern,7.25
Monrovia,Los Angeles,8.25
Monta Vista,Santa Clara,8.25
Montague,Siskiyou,7.25
Montalvo (Ventura),Ventura,7.25
Montara,San Mateo,8.25
Montclair,San Bernardino,8
Monte Rio,Sonoma,7.75
Monte Sereno,Santa Clara,8.25
Montebello,Los Angeles,8.25
Montecito,Santa Barbara,7.75
Monterey Bay Academy,Santa Cruz,8
Monterey Park,Los Angeles,8.25
Monterey,Monterey,7.25
Montgomery Creek,Shasta,7.25
Montrose,Los Angeles,8.25
Mooney,Tulare,7.75
Moonridge,San Bernardino,7.75
Moorpark,Ventura,7.25
Moraga,Contra Costa,8.25
Moreno Valley,Riverside,7.75
Morgan Hill,Santa Clara,8.25
Morongo Valley,San Bernardino,7.75
Morro Bay,San Luis Obispo,7.75
Morro Plaza,San Luis Obispo,7.25
Moss Beach,San Mateo,8.25
Moss Landing,Monterey,7.25
Mount Hamilton,Santa Clara,8.25
Mount Hebron,Siskiyou,7.25
Mount Hermon,Santa Cruz,8
Mount Laguna,San Diego,7.75
Mount Shasta,Siskiyou,7.25
Mount Wilson,Los Angeles,8.25
Mountain Center,Riverside,7.75
Mountain Mesa,Kern,7.25
Mountain Pass,San Bernardino,7.75
Mountain Ranch,Calaveras,7.25
Mountain View,Santa Clara,8.25
Mt. Aukum,El Dorado,7.25
Mt. Baldy,San Bernardino,7.75
Murphys,Calaveras,7.25
Murrieta,Riverside,7.75
Muscoy,San Bernardino,7.75
Myers Flat,Humboldt,7.25
Napa,Napa,7.75
Naples,Los Angeles,8.25
Nashville,El Dorado,7.25
National City,San Diego,8.75
Naval (Port Hueneme),Ventura,7.25
Naval (San Diego),San Diego,7.75
Naval Air Station (Alameda),Alameda,8.75
Naval Air Station (Coronado),San Diego,7.75
Naval Air Station (Lemoore),Kings,7.25
Naval Hospital (Oakland),Alameda,8.75
Naval Hospital (San Diego),San Diego,7.75
Naval Supply Center (Oakland),Alameda,8.75
Naval Training Center (San Diego),San Diego,7.75
Navarro,Mendocino,7.25
Needles,San Bernardino,7.75
Nelson,Butte,7.25
Nevada City,Nevada,7.875
New Almaden,Santa Clara,8.25
New Cuyama,Santa Barbara,7.75
New Idria,San Benito,7.25
Newark,Alameda,8.75
Newberry,San Bernardino,7.75
Newberry Springs,San Bernardino,7.75
Newbury Park (Thousand Oaks),Ventura,7.25
Newcastle,Placer,7.25
Newhall (Santa Clarita),Los Angeles,8.25
Newman,Stanislaus,7.375
Newport Beach,Orange,7.75
Nicasio,Marin,7.75
Nice,Lake,7.25
Nicolaus,Sutter,7.25
Niland,Imperial,7.75
Nipomo,San Luis Obispo,7.25
Nipton,San Bernardino,7.75
Norco,Riverside,7.75
Norden,Nevada,7.375
North Edwards,Kern,7.25
North Fork,Madera,7.75
North Gardena,Los Angeles,8.25
North Highlands,Sacramento,7.75
North Hills (Los Angeles),Los Angeles,8.25
North Hollywood (Los Angeles),Los Angeles,8.25
North Palm Springs,Riverside,7.75
North San Juan,Nevada,7.375
North Shore,Riverside,7.75
Northridge (Los Angeles),Los Angeles,8.25
Norton A.F.B. (San Bernardino),San Bernardino,8
Norwalk,Los Angeles,8.25
Novato,Marin,7.75
Nubieber,Lassen,7.25
Nuevo,Riverside,7.75
Nyeland Acres,Ventura,7.25
Oak Park,Ventura,7.25
Oak Run,Shasta,7.25
Oak View,Ventura,7.25
Oakdale,Stanislaus,7.375
Oakhurst,Madera,7.75
Oakland,Alameda,8.75
Oakley,Contra Costa,8.25
Oakville,Napa,7.75
Oasis,Riverside,7.75
Oban,Los Angeles,8.25
O'Brien,Shasta,7.25
Occidental,Sonoma,7.75
Oceano,San Luis Obispo,7.25
Oceanside,San Diego,7.75
Ocotillo,Imperial,7.75
Ocotillo Wells,San Diego,7.75
Oildale,Kern,7.25
Ojai,Ventura,7.25
Olancha,Inyo,7.75
Old Station,Shasta,7.25
Olema,Marin,7.75
Olinda,Shasta,7.25
Olive View (Los Angeles),Los Angeles,8.25
Olivehurst,Yuba,7.25
Olivenhain (Encinitas),San Diego,7.75
Olympic Valley,Placer,7.25
Omo Ranch,El Dorado,7.25
O'Neals,Madera,7.75
Ono,Shasta,7.25
Ontario,San Bernardino,7.75
Onyx,Kern,7.25
Opal Cliffs,Santa Cruz,8
Orange Cove,Fresno,7.975
Orange,Orange,7.75
Orangevale,Sacramento,7.75
Orcutt,Santa Barbara,7.75
Ordbend,Glenn,7.25
Oregon House,Yuba,7.25
Orick,Humboldt,7.25
Orinda,Contra Costa,8.25
Orland,Glenn,7.25
Orleans,Humboldt,7.25
Oro Grande,San Bernardino,7.75
Orosi,Tulare,7.75
Oroville,Butte,7.25
Otay (Chula Vista),San Diego,7.75
Oxnard,Ventura,7.25
Pacheco,Contra Costa,8.25
Pacific Grove,Monterey,7.25
Pacific House,El Dorado,7.25
Pacific Palisades (Los Angeles),Los Angeles,8.25
Pacifica,San Mateo,8.25
Pacoima (Los Angeles),Los Angeles,8.25
Paicines,San Benito,7.25
Pajaro,Monterey,7.25
Pala,San Diego,7.75
Palermo,Butte,7.25
Pallett,Los Angeles,8.25
Palm City,Riverside,7.75
Palm City (San Diego),San Diego,7.75
Palm Desert,Riverside,7.75
Palm Springs,Riverside,7.75
Palmdale,Los Angeles,8.25
Palo (Vista),San Diego,8.25
Palo Alto,Santa Clara,8.25
Palo Cedro,Shasta,7.25
Palo Verde,Imperial,7.75
Palomar Mountain,San Diego,7.75
Palos Verdes Estates,Los Angeles,8.25
Palos Verdes/Peninsula,Los Angeles,8.25
Panorama City (Los Angeles),Los Angeles,8.25
Paradise,Butte,7.25
Paramount,Los Angeles,8.25
Parker Dam,San Bernardino,7.75
Parkfield,Monterey,7.25
Parlier,Fresno,7.975
Pasadena,Los Angeles,8.25
Paskenta,Tehama,7.25
Paso Robles,San Luis Obispo,7.25
Patterson,Stanislaus,7.375
Patton,San Bernardino,7.75
Pauma Valley,San Diego,7.75
Paynes Creek,Tehama,7.25
Pearblossom,Los Angeles,8.25
Pearland,Los Angeles,8.25
Pebble Beach,Monterey,7.25
Pedley,Riverside,7.75
Peninsula Village,Plumas,7.25
Penn Valley,Nevada,7.375
Penngrove,Sonoma,7.75
Penryn,Placer,7.25
Pepperwood,Humboldt,7.25
Permanente,Santa Clara,8.25
Perris,Riverside,7.75
Perry (Whittier),Los Angeles,8.25
Pescadero,San Mateo,8.25
Petaluma,Sonoma,7.75
Petrolia,Humboldt,7.25
Phelan,San Bernardino,7.75
Phillipsville,Humboldt,7.25
Philo,Mendocino,7.25
Pico Rivera,Los Angeles,8.25
Piedmont,Alameda,8.75
Piedra,Fresno,7.975
Piercy,Mendocino,7.25
Pilot Hill,El Dorado,7.25
Pine Grove,Amador,7.25
Pine Valley,San Diego,7.75
Pinecrest,Tuolumne,7.25
Pinedale (Fresno),Fresno,7.975
Pinetree,Los Angeles,8.25
Pinole,Contra Costa,8.75
Pinon Hills,San Bernardino,7.75
Pioneer,Amador,7.25
Pioneertown,San Bernardino,7.75
Piru,Ventura,7.25
Pismo Beach,San Luis Obispo,7.25
Pittsburg,Contra Costa,8.25
Pixley,Tulare,7.75
Placentia,Orange,7.75
Placerville,El Dorado,7.5
Plainview,Tulare,7.75
Planada,Merced,7.25
Plaster City,Imperial,7.75
Platina,Shasta,7.25
Playa Del Rey (Los Angeles),Los Angeles,8.25
Pleasant Grove,Sutter,7.25
Pleasant Hill,Contra Costa,8.25
Pleasanton,Alameda,8.75
Plymouth,Amador,7.25
Point Arena,Mendocino,7.75
Point Mugu,Ventura,7.25
Point Pittsburg (Pittsburg),Contra Costa,8.25
Point Reyes Station,Marin,7.75
Pollock Pines,El Dorado,7.25
Pomona,Los Angeles,8.25
Pond,Kern,7.25
Pondosa,Siskiyou,7.25
Pope Valley,Napa,7.75
Poplar,Tulare,7.75
Port Costa,Contra Costa,8.25
Port Hueneme,Ventura,7.25
Porter Ranch (Los Angeles),Los Angeles,8.25
Porterville,Tulare,8.25
Portola Valley,San Mateo,8.25
Portola,Plumas,7.25
Portuguese Bend (Rancho Palos Verdes),Los Angeles,8.25
Posey,Tulare,7.75
Potrero,San Diego,7.75
Potter Valley,Mendocino,7.25
Poway,San Diego,7.75
Prather,Fresno,7.975
Presidio (San Francisco),San Francisco,8.5
Presidio of Monterey (Monterey),Monterey,7.25
Priest Valley,Monterey,7.25
Princeton,Colusa,7.25
Proberta,Tehama,7.25
Project City,Shasta,7.25
Prunedale,Monterey,7.25
Pt. Dume,Los Angeles,8.25
Pulga,Butte,7.25
Pumpkin Center,Kern,7.25
Quail Valley,Riverside,7.75
Quartz Hill,Los Angeles,8.25
Quincy,Plumas,7.25
Rackerby,Yuba,7.25
Rail Road Flat,Calaveras,7.25
Rainbow,San Diego,7.75
Raisin City,Fresno,7.975
Ramona,San Diego,7.75
Ranchita,San Diego,7.75
Rancho Bernardo (San Diego),San Diego,7.75
Rancho California,Riverside,7.75
Rancho Cordova ,Sacramento,7.75
Rancho Cucamonga,San Bernardino,7.75
Rancho Dominguez,Los Angeles,8.25
Rancho Mirage,Riverside,7.75
Rancho Murieta,Sacramento,7.75
Rancho Palos Verdes,Los Angeles,8.25
Rancho Park (Los Angeles),Los Angeles,8.25
Rancho Santa Fe,San Diego,7.75
Rancho Santa Margarita,Orange,7.75
Randsburg,Kern,7.25
Ravendale,Lassen,7.25
Ravenna,Los Angeles,8.25
Raymond,Madera,7.75
Red Bluff,Tehama,7.25
Red Mountain,San Bernardino,7.75
Red Top,Madera,7.75
Redcrest,Humboldt,7.25
Redding,Shasta,7.25
Redlands,San Bernardino,7.75
Redondo Beach,Los Angeles,8.25
Redway,Humboldt,7.25
Redwood City,San Mateo,8.25
Redwood Estates,Santa Clara,8.25
Redwood Valley,Mendocino,7.25
Reedley,Fresno,7.975
Refugio Beach,Santa Barbara,7.75
Represa (Folsom Prison),Sacramento,7.75
Requa,Del Norte,7.25
Rescue,El Dorado,7.25
Reseda (Los Angeles),Los Angeles,8.25
Rheem Valley (Moraga),Contra Costa,8.25
Rialto,San Bernardino,7.75
Richardson Grove,Humboldt,7.25
Richardson Springs,Butte,7.25
Richfield,Tehama,7.25
Richgrove,Tulare,7.75
Richmond,Contra Costa,8.75
Richvale,Butte,7.25
Ridgecrest,Kern,7.25
Rimforest,San Bernardino,7.75
Rimpau (Los Angeles),Los Angeles,8.25
Rio Bravo (Bakersfield),Kern,7.25
Rio Dell,Humboldt,7.25
Rio Linda,Sacramento,7.75
Rio Nido,Sonoma,7.75
Rio Oso,Sutter,7.25
Rio Vista,Solano,7.375
Ripley,Riverside,7.75
Ripon,San Joaquin,7.75
River Pines,Amador,7.25
Riverbank,Stanislaus,7.375
Riverdale,Fresno,7.975
Riverside,Riverside,7.75
Robbins,Sutter,7.25
Rocklin,Placer,7.25
Rodeo,Contra Costa,8.25
Rohnert Park,Sonoma,7.75
Rohnerville,Humboldt,7.25
Rolling Hills Estates,Los Angeles,8.25
Rolling Hills,Los Angeles,8.25
Romoland,Riverside,7.75
Rosamond,Kern,7.25
Rose Bowl (Pasadena),Los Angeles,8.25
Roseland (Santa Rosa),Sonoma,8
Rosemead,Los Angeles,8.25
Roseville,Placer,7.25
Ross,Marin,7.75
Rossmoor,Orange,7.75
Rough and Ready,Nevada,7.375
Round Mountain,Shasta,7.25
Rowland Heights,Los Angeles,8.25
Royal Oaks,Monterey,7.25
Rubidoux,Riverside,7.75
Ruby Valley,Humboldt,7.25
Rumsey,Yolo,7.25
Running Springs,San Bernardino,7.75
Ruth,Trinity,7.25
Rutherford,Napa,7.75
Ryde,Sacramento,7.75
Sacramento,Sacramento,7.75
Saint Helena,Napa,7.75
Salida,Stanislaus,7.375
Salinas,Monterey,7.75
Salton City,Imperial,7.75
Salyer,Trinity,7.25
Samoa,Humboldt,7.25
San Andreas,Calaveras,7.25
San Anselmo,Marin,7.75
San Ardo,Monterey,7.25
San Benito,San Benito,7.25
San Bernardino,San Bernardino,8
San Bruno,San Mateo,8.25
San Carlos,San Mateo,8.25
San Clemente,Orange,7.75
San Diego,San Diego,7.75
San Dimas,Los Angeles,8.25
San Fernando,Los Angeles,8.25
San Francisco,San Francisco,8.5
San Gabriel,Los Angeles,8.25
San Geronimo,Marin,7.75
San Gregorio,San Mateo,8.25
San Jacinto,Riverside,7.75
San Joaquin,Fresno,7.975
San Jose,Santa Clara,8.25
San Juan Bautista,San Benito,8
San Juan Capistrano,Orange,7.75
San Juan Plaza (San Juan Capistrano),Orange,7.75
San Leandro,Alameda,8.75
San Lorenzo,Alameda,8.75
San Lucas,Monterey,7.25
San Luis Obispo,San Luis Obispo,7.75
San Luis Rey (Oceanside),San Diego,7.75
San Marcos,San Diego,7.75
San Marino,Los Angeles,8.25
San Martin,Santa Clara,8.25
San Mateo,San Mateo,8.25
San Miguel,San Luis Obispo,7.25
San Pablo,Contra Costa,8.25
San Pedro (Los Angeles),Los Angeles,8.25
San Quentin,Marin,7.75
San Rafael,Marin,8.25
San Ramon,Contra Costa,8.25
San Simeon,San Luis Obispo,7.25
San Tomas,Santa Clara,8.25
San Ysidro (San Diego),San Diego,7.75
Sand City,Monterey,7.75
Sanger,Fresno,7.975
Santa Ana,Orange,7.75
Santa Barbara,Santa Barbara,7.75
Santa Clara,Santa Clara,8.25
Santa Clarita,Los Angeles,8.25
Santa Cruz,Santa Cruz,8.5
Santa Fe Springs,Los Angeles,8.25
Santa Margarita,San Luis Obispo,7.25
Santa Maria,Santa Barbara,7.75
Santa Monica,Los Angeles,8.25
Santa Nella,Merced,7.25
Santa Paula,Ventura,7.25
Santa Rita Park,Merced,7.25
Santa Rosa,Sonoma,8
Santa Ynez,Santa Barbara,7.75
Santa Ysabel,San Diego,7.75
Santee,San Diego,7.75
Saratoga,Santa Clara,8.25
Saticoy,Ventura,7.25
Sattley,Sierra,7.25
Saugus (Santa Clarita),Los Angeles,8.25
Sausalito,Marin,7.75
Sawtelle (Los Angeles),Los Angeles,8.25
Sawyers Bar,Siskiyou,7.25
Scotia,Humboldt,7.25
Scott Bar,Siskiyou,7.25
Scotts Valley,Santa Cruz,8.5
Sea Ranch,Sonoma,7.75
Seabright,Santa Cruz,8
Seal Beach,Orange,7.75
Seaside,Monterey,7.25
Sebastopol,Sonoma,8
Seeley,Imperial,7.75
Seiad Valley,Siskiyou,7.25
Selby,Contra Costa,8.25
Selma,Fresno,7.975
Seminole Hot Springs,Los Angeles,8.25
Sepulveda (Los Angeles),Los Angeles,8.25
Sequoia National Park,Tulare,7.75
Shafter,Kern,7.25
Shandon,San Luis Obispo,7.25
Sharpe Army Depot,San Joaquin,7.75
Shasta,Shasta,7.25
Shasta Lake,Shasta,7.25
Shaver Lake,Fresno,7.975
Sheepranch,Calaveras,7.25
Shell Beach (Pismo Beach),San Luis Obispo,7.25
Sheridan,Placer,7.25
Sherman Island,Sacramento,7.75
Sherman Oaks (Los Angeles),Los Angeles,8.25
Sherwin Plaza,Mono,7.25
Shingle Springs,El Dorado,7.25
Shingletown,Shasta,7.25
Shively,Humboldt,7.25
Shore Acres,Contra Costa,8.25
Shoshone,Inyo,7.75
Sierra City,Sierra,7.25
Sierra Madre,Los Angeles,8.25
Sierraville,Sierra,7.25
Signal Hill,Los Angeles,8.25
Silver Lake,Amador,7.25
Silverado Canyon,Orange,7.75
Simi Valley,Ventura,7.25
Sisquoc,Santa Barbara,7.75
Sites,Colusa,7.25
Sky Valley,Riverside,7.75
Skyforest,San Bernardino,7.75
Sleepy Valley,Los Angeles,8.25
Sloat,Plumas,7.25
Sloughhouse,Sacramento,7.75
Smartville,Yuba,7.25
Smith River,Del Norte,7.25
Smithflat,El Dorado,7.25
Smoke Tree (Palm Springs),San Bernardino,7.75
Snelling,Merced,7.25
Soda Springs,Nevada,7.375
Solana Beach,San Diego,7.75
Soledad,Monterey,7.25
Solemint,Los Angeles,8.25
Solvang,Santa Barbara,7.75
Somerset,El Dorado,7.25
Somes Bar,Siskiyou,7.25
Somis,Ventura,7.25
Sonoma,Sonoma,7.75
Sonora,Tuolumne,7.75
Soquel,Santa Cruz,8
Soulsbyville,Tuolumne,7.25
South Dos Palos,Merced,7.25
South El Monte,Los Angeles,8.25
South Fork,Humboldt,7.25
South Gate ,Los Angeles,8.25
South Laguna (Laguna Beach),Orange,8.25
South Lake Tahoe,El Dorado,7.75
South Pasadena,Los Angeles,8.25
South San Francisco,San Mateo,8.25
South Shore (Alameda),Alameda,8.75
South Whittier,Los Angeles,8.25
Spanish Flat,Napa,7.75
Spreckels,Monterey,7.25
Spring Garden,Plumas,7.25
Spring Valley,San Diego,7.75
Springville,Tulare,7.75
Spyrock,Mendocino,7.25
Squaw Valley,Fresno,7.975
St. Helena,Napa,7.75
Standard,Tuolumne,7.25
Standish,Lassen,7.25
Stanford,Santa Clara,8.25
Stanislaus,Tuolumne,7.25
Stanton,Orange,7.75
Steele Park,Napa,7.75
Stevinson,Merced,7.25
Stewarts Point,Sonoma,7.75
Stinson Beach,Marin,7.75
Stirling City,Butte,7.25
Stockton,San Joaquin,8
Stonyford,Colusa,7.25
Storrie,Plumas,7.25
Stratford,Kings,7.25
Strathmore,Tulare,7.75
Strawberry,Tuolumne,7.25
Strawberry Valley,Yuba,7.25
Studio City (Los Angeles),Los Angeles,8.25
Sugarloaf,San Bernardino,7.75
Suisun City,Solano,7.375
Sulphur Springs,Los Angeles,8.25
Sultana,Tulare,7.75
Summerland,Santa Barbara,7.75
Summit,San Bernardino,7.75
Summit City,Shasta,7.25
Sun City,Riverside,7.75
Sun Valley (Los Angeles),Los Angeles,8.25
Sunland (Los Angeles),Los Angeles,8.25
Sunnymead (Moreno Valley),Riverside,7.75
Sunnyside,San Diego,7.75
Sunnyvale,Santa Clara,8.25
Sunol,Alameda,8.75
Sunset Beach,Orange,7.75
Sunset Whitney Ranch,Placer,7.25
Surfside (Seal Beach),Orange,7.75
Susanville,Lassen,7.25
Sutter,Sutter,7.25
Sutter Creek,Amador,7.25
Sylmar (Los Angeles),Los Angeles,8.25
Taft,Kern,7.25
Tagus Ranch,Tulare,7.75
Tahoe City,Placer,7.25
Tahoe Paradise,El Dorado,7.25
Tahoe Valley,El Dorado,7.25
Tahoe Vista,Placer,7.25
Tahoma,Placer,7.25
Talmage,Mendocino,7.25
Tamal (San Quentin),Marin,7.75
Tarzana (Los Angeles),Los Angeles,8.25
Taylorsville,Plumas,7.25
Tecate,San Diego,7.75
Tecopa,Inyo,7.75
Tehachapi,Kern,7.25
Tehama,Tehama,7.25
Temecula,Riverside,7.75
Temple City,Los Angeles,8.25
Templeton,San Luis Obispo,7.25
Terminal Island (Los Angeles),Los Angeles,8.25
Termo,Lassen,7.25
Terra Bella,Tulare,7.75
Thermal,Riverside,7.75
Thornton,San Joaquin,7.75
Thousand Oaks,Ventura,7.25
Thousand Palms,Riverside,7.75
Three Rivers,Tulare,7.75
Tiburon,Marin,7.75
Tierra Del Sol,San Diego,7.75
Tierrasanta (San Diego),San Diego,7.75
Tipton,Tulare,7.75
Tollhouse,Fresno,7.975
Toluca Lake (Los Angeles),Los Angeles,8.25
Tomales,Marin,7.75
Toms Place,Mono,7.25
Topanga (Los Angeles),Los Angeles,8.25
Topanga Park (Los Angeles),Los Angeles,8.25
Topaz,Mono,7.25
Torrance,Los Angeles,8.25
Town Center,Tulare,7.75
Trabuco Canyon,Orange,7.75
Tracy,San Joaquin,7.75
Tranquillity,Fresno,7.975
Traver,Tulare,7.75
Travis A.F.B. (Fairfield),Solano,7.375
Tres Pinos,San Benito,7.25
Trinidad,Humboldt,8.25
Trinity Center,Trinity,7.25
Trona,San Bernardino,7.75
Trowbridge,Sutter,7.25
Truckee,Nevada,7.875
Tujunga (Los Angeles),Los Angeles,8.25
Tulare,Tulare,8.25
Tulelake,Siskiyou,7.25
Tuolumne,Tuolumne,7.25
Tuolumne Meadows,Mariposa,7.75
Tupman,Kern,7.25
Turlock,Stanislaus,7.375
Tustin,Orange,7.75
Twain,Plumas,7.25
Twain Harte,Tuolumne,7.25
Twentynine Palms,San Bernardino,7.75
Twin Bridges,El Dorado,7.25
Twin Peaks,San Bernardino,7.75
Two Rock Coast Guard Station,Sonoma,7.75
U.S.Naval Postgrad School (Monterey),Monterey,7.25
Ukiah,Mendocino,7.75
Union City,Alameda,8.75
Universal City,Los Angeles,8.25
University,Santa Barbara,7.75
University Park (Irvine),Orange,7.75
Upland,San Bernardino,7.75
Upper Lake/ Upper Lake Valley,Lake,7.25
Vacaville,Solano,7.375
Val Verde Park,Los Angeles,8.25
Valencia (Santa Clarita),Los Angeles,8.25
Valinda,Los Angeles,8.25
Vallecito,Calaveras,7.25
Vallejo,Solano,7.375
Valley Center,San Diego,7.75
Valley Fair,Santa Clara,8.25
Valley Ford,Sonoma,7.75
Valley Home,Stanislaus,7.375
Valley Springs,Calaveras,7.25
Valley Village,Los Angeles,8.25
Valyermo,Los Angeles,8.25
Van Nuys (Los Angeles),Los Angeles,8.25
Vandenberg A.F.B,Santa Barbara,7.75
Vasquez Rocks,Los Angeles,8.25
Venice (Los Angeles),Los Angeles,8.25
Ventucopa,Santa Barbara,7.75
Ventura,Ventura,7.25
Verdugo City (Glendale),Los Angeles,8.25
Vernalis,San Joaquin,7.75
Vernon,Los Angeles,8.25
Veteran's Hospital (Los Angeles),Los Angeles,8.25
Victor,San Joaquin,7.75
Victorville,San Bernardino,7.75
Vidal,San Bernardino,7.75
View Park,Los Angeles,8.25
Villa Grande,Sonoma,7.75
Villa Park,Orange,7.75
Vina,Tehama,7.25
Vincent,Los Angeles,8.25
Vineburg,Sonoma,7.75
Vinton,Plumas,7.25
Virgilia,Plumas,7.25
Visalia,Tulare,8
Vista Park,Kern,7.25
Vista,San Diego,8.25
Volcano,Amador,7.25
Volta,Merced,7.25
Wallace,Calaveras,7.25
Walnut Creek,Contra Costa,8.25
Walnut Grove,Sacramento,7.75
Walnut Park,Los Angeles,8.25
Walnut,Los Angeles,8.25
Warm Spring (Fremont),Alameda,8.75
Warner Springs,San Diego,7.75
Wasco,Kern,7.25
Waterford,Stanislaus,7.375
Watsonville,Santa Cruz,8.25
Watts,Los Angeles,8.25
Waukena,Tulare,7.75
Wawona,Mariposa,7.75
Weaverville,Trinity,7.25
Weed,Siskiyou,7.25
Weimar,Placer,7.25
Weldon,Kern,7.25
Wendel,Lassen,7.25
Weott,Humboldt,7.25
West Covina,Los Angeles,8.25
West Hills (Los Angeles),Los Angeles,8.25
West Hollywood,Los Angeles,8.25
West Los Angeles (Los Angeles),Los Angeles,8.25
West Pittsburg,Contra Costa,8.25
West Point,Calaveras,7.25
West Sacramento,Yolo,7.75
Westchester (Los Angeles),Los Angeles,8.25
Westend,San Bernardino,7.75
Westhaven,Humboldt,7.25
Westlake (Los Angeles),Los Angeles,8.25
Westlake Village (Thousand Oaks),Ventura,7.25
Westlake Village,Los Angeles,8.25
Westley,Stanislaus,7.375
Westminster,Orange,7.75
Westmorland,Imperial,7.75
Westport,Mendocino,7.25
Westside,Stanislaus,7.375
Westwood,Lassen,7.25
Westwood (Los Angeles),Los Angeles,8.25
Wheatland,Yuba,7.25
Wheeler Ridge,Kern,7.25
Whiskeytown,Shasta,7.25
Whispering Pines,Lake,7.25
White Pines,Calaveras,7.25
Whitethorn,Humboldt,7.25
Whitewater,Riverside,7.75
Whitlow,Humboldt,7.25
Whitmore,Shasta,7.25
Whittier,Los Angeles,8.25
Wildomar,Riverside,7.75
Wildwood,Shasta,7.25
Williams,Colusa,7.75
Willits,Mendocino,7.75
Willow Creek,Humboldt,7.25
Willow Ranch,Modoc,7.25
Willowbrook,Los Angeles,8.25
Willows,Glenn,7.25
Wilmington (Los Angeles),Los Angeles,8.25
Wilseyville,Calaveras,7.25
Wilsona Gardens,Los Angeles,8.25
Wilton,Sacramento,7.75
Winchester,Riverside,7.75
Windsor Hills,Los Angeles,8.25
Windsor,Sonoma,7.75
Winnetka (Los Angeles),Los Angeles,8.25
Winterhaven,Imperial,7.75
Winters,Yolo,7.25
Winton,Merced,7.25
Wishon,Madera,7.75
Witter Springs,Lake,7.25
Wofford Heights,Kern,7.25
Woodacre,Marin,7.75
Woodbridge,San Joaquin,7.75
Woodfords,Alpine,7.25
Woodlake,Tulare,7.75
Woodland Hills (Los Angeles),Los Angeles,8.25
Woodland,Yolo,7.75
Woodleaf,Yuba,7.25
Woodside,San Mateo,8.25
Woodville,Tulare,7.75
Woody,Kern,7.25
Wrightwood,San Bernardino,7.75
Yankee Hill,Butte,7.25
Yermo,San Bernardino,7.75
Yettem,Tulare,7.75
Yolo,Yolo,7.25
Yorba Linda,Orange,7.75
Yorkville,Mendocino,7.25
Yosemite Lodge,Mariposa,7.75
Yosemite National Park,Mariposa,7.75
Yountville,Napa,7.75
Yreka,Siskiyou,7.25
Yuba City,Sutter,7.25
Yucaipa,San Bernardino,7.75
Yucca Valley,San Bernardino,7.75
Zamora,Yolo,7.25
Zenia,Trinity,7.25